Symbol,Series,Date,Prev Close,Open Price,High Price,Low Price,Last Price,close,Average Price,Total Traded Quantity,Turnover,No. of Trades,Deliverable Qty,% Dly Qt to Traded Qty
RELIANCE,EQ,31-Aug-20,2116.15,2174,2174,2060.35,2070,2080.7,2118.64,28649141,60697216689,541760,7212259,25.17
RELIANCE,EQ,01-Sep-20,2080.7,2100,2122.4,2062.4,2092,2087.25,2091.83,17821488,37279521465,327904,4956555,27.81
RELIANCE,EQ,02-Sep-20,2087.25,2092,2138,2085,2128.55,2128.2,2119.29,12437209,26358056793,281041,3376204,27.15
RELIANCE,EQ,03-Sep-20,2128.2,2128,2138.75,2103,2114,2112.1,2112.86,8577741,18123586030,219117,3249170,37.88
RELIANCE,EQ,04-Sep-20,2112.1,2083.55,2096.95,2072.2,2080,2077.25,2084.73,13141705,27396936571,365456,5968727,45.42
RELIANCE,EQ,07-Sep-20,2077.25,2084,2105.75,2044.25,2099.6,2082.65,2071.8,10119099,20964707499,255801,2619452,25.89
RELIANCE,EQ,08-Sep-20,2082.65,2092,2121,2080.5,2103.1,2107.1,2108.01,12643762,26653239816,287150,2734033,21.62
RELIANCE,EQ,09-Sep-20,2107.1,2085,2167.8,2081.45,2163.55,2161.35,2136.84,25526055,54545044441,531323,5716097,22.39
RELIANCE,EQ,10-Sep-20,2161.35,2183.1,2344.95,2175.35,2319,2314,2275.51,64751766,1.47343E+11,1233053,12172158,18.8
RELIANCE,EQ,11-Sep-20,2314,2312,2337.85,2287.1,2315,2319.75,2318.58,27445883,63635412477,599768,6427971,23.42
RELIANCE,EQ,14-Sep-20,2319.75,2325,2360,2282,2296.25,2302.55,2323.57,20335480,47250941267,450188,3578138,17.6
RELIANCE,EQ,15-Sep-20,2302.55,2311.95,2325.75,2288.15,2324,2318.85,2311.23,12543161,28990110978,270331,2498608,19.92
RELIANCE,EQ,16-Sep-20,2318.85,2320,2369.35,2310.55,2324.9,2324.55,2339.46,15669133,36657370888,321651,3528875,22.52
RELIANCE,EQ,17-Sep-20,2324.55,2320,2333.7,2291.85,2296,2298.75,2310.29,11919991,27538576984,286325,3285052,27.56
RELIANCE,EQ,18-Sep-20,2298.75,2314.25,2319.45,2276.55,2303.6,2305.7,2305.1,15264101,35185252646,219641,6340779,41.54
RELIANCE,EQ,21-Sep-20,2305.7,2300,2336,2247.35,2250,2255.85,2291.38,15519433,35560977455,342489,5046850,32.52
RELIANCE,EQ,22-Sep-20,2255.85,2277,2277,2201.55,2220.05,2211.15,2225.36,16056621,35731708479,348897,6138633,38.23
RELIANCE,EQ,23-Sep-20,2211.15,2260,2276.75,2205.3,2228,2230.8,2242.58,19839809,44492265342,384190,3749875,18.9
RELIANCE,EQ,24-Sep-20,2230.8,2207.9,2226,2176.05,2195,2181.2,2200.65,13765321,30292605688,328090,4092237,29.73
RELIANCE,EQ,25-Sep-20,2181.2,2189,2212.8,2167.3,2198.85,2201.7,2191.17,13095950,28695471561,329859,2793738,21.33
RELIANCE,EQ,28-Sep-20,2201.7,2227,2238,2207.05,2218,2216.25,2221.39,9076787,20163062604,213955,1610375,17.74
RELIANCE,EQ,29-Sep-20,2216.25,2225,2264,2216.25,2241.9,2245.05,2242.3,11927459,26744967681,269649,2301443,19.3
RELIANCE,EQ,30-Sep-20,2245.05,2260,2267,2225,2231,2234.35,2251.01,11291280,25416740704,232560,2777751,24.6
RELIANCE,EQ,01-Oct-20,2234.35,2263.8,2263.8,2214,2229.05,2225.25,2237.62,9591467,21462014628,237645,2356434,24.57
RELIANCE,EQ,05-Oct-20,2225.25,2244,2249.15,2206,2215,2212.2,2222.94,8732890,19412649756,237138,1671283,19.14
RELIANCE,EQ,06-Oct-20,2212.2,2225.25,2233.9,2201.65,2213,2210.35,2213.64,8497352,18810040908,230575,2565411,30.19
RELIANCE,EQ,07-Oct-20,2210.35,2235,2309,2220,2259.4,2257.5,2276.27,24538620,55856495761,542898,3167121,12.91
RELIANCE,EQ,08-Oct-20,2257.5,2259,2268,2222.1,2241.5,2239.25,2242.24,9727508,21811437285,251543,2761519,28.39
RELIANCE,EQ,09-Oct-20,2239.25,2235,2253,2217.1,2239,2233.45,2232.05,8558747,19103582648,215729,2908038,33.98
RELIANCE,EQ,12-Oct-20,2233.45,2235,2255.75,2226.25,2236,2237.05,2239.55,6565525,14703804367,146831,1868691,28.46
RELIANCE,EQ,13-Oct-20,2237.05,2230.6,2285.75,2225.85,2279,2280.7,2259.76,10666280,24103209104,255851,3449962,32.34
RELIANCE,EQ,14-Oct-20,2280.7,2278.9,2304,2268.5,2283,2287.5,2284.78,12341487,28197589497,281008,4373851,35.44
RELIANCE,EQ,15-Oct-20,2287.5,2290,2290,2195,2203.25,2206.5,2241.04,9246893,20722639247,265699,3100443,33.53
RELIANCE,EQ,16-Oct-20,2206.5,2215,2232.5,2172.65,2178,2175.8,2197.33,9961080,21887776010,287579,2106731,21.15
RELIANCE,EQ,19-Oct-20,2175.8,2190.05,2228.7,2155.15,2175.5,2176.2,2189.75,14399062,31530332263,363717,3772907,26.2
RELIANCE,EQ,20-Oct-20,2176.2,2179,2193,2152.25,2155.85,2155.9,2166.54,8529621,18479742688,275082,2119328,24.85
RELIANCE,EQ,21-Oct-20,2155.9,2168,2192,2097.75,2122.65,2124.6,2143.87,15729989,33723125352,399065,3975978,25.28
RELIANCE,EQ,22-Oct-20,2124.6,2127.4,2132.5,2091,2111.9,2106.95,2107.04,14215255,29952115115,391498,5836281,41.06
RELIANCE,EQ,23-Oct-20,2106.95,2106,2135,2096.4,2112,2113.05,2118.9,10809383,22904053634,265187,3551502,32.86
RELIANCE,EQ,26-Oct-20,2113.05,2101.95,2101.95,2018.5,2034.9,2029.1,2052.69,17225340,35358322556,581238,6324776,36.72
RELIANCE,EQ,27-Oct-20,2029.1,2034.9,2059.85,2005,2034.4,2034.5,2026.38,16835011,34114088506,462764,5199796,30.89
RELIANCE,EQ,28-Oct-20,2034.5,2041.8,2057.7,2007.4,2008.9,2011.45,2026.02,13810054,27979442355,413849,4822048,34.92
RELIANCE,EQ,29-Oct-20,2011.45,1997,2042,1991,2029.05,2026.9,2019.57,14147681,28572185906,382087,3346100,23.65
RELIANCE,EQ,30-Oct-20,2026.9,2033.5,2065.1,2021.8,2064.35,2054.5,2040.66,15701123,32040607252,349177,3880807,24.72
RELIANCE,EQ,02-Nov-20,2054.5,2027,2027,1859.15,1876,1877.45,1927.55,45857806,88393320147,1428490,12596880,27.47
RELIANCE,EQ,03-Nov-20,1877.45,1890,1909,1835.1,1854.5,1850.4,1873.92,40931170,76701761539,990935,11064654,27.03
RELIANCE,EQ,04-Nov-20,1850.4,1837,1929,1837,1910.5,1913.2,1893.24,37003111,70055655614,888904,6665864,18.01
RELIANCE,EQ,05-Nov-20,1913.2,1954.95,1960.95,1932,1956.8,1955,1949.03,17170274,33465297066,448665,5252804,30.59
RELIANCE,EQ,06-Nov-20,1955,1990,2040,1978.15,2025,2029.15,2015.72,30770080,62023880104,649196,8468704,27.52
RELIANCE,EQ,09-Nov-20,2029.15,2062.1,2069,2036,2051,2050.7,2051.91,16539467,33937502974,384188,6258441,37.84
RELIANCE,EQ,10-Nov-20,2050.7,2077,2090,2041.2,2089,2084.55,2071.86,17045147,35315160451,399073,6458474,37.89
RELIANCE,EQ,11-Nov-20,2084.55,2089,2095,1978.1,1999.8,1997.2,2027.8,26178477,53084610845,647679,9063191,34.62
RELIANCE,EQ,12-Nov-20,1997.2,1981,2008.45,1965,1981.75,1980,1987.14,18481466,36725218563,440630,6746860,36.51
RELIANCE,EQ,13-Nov-20,1980,1982,2036.65,1981.75,2000.05,1996.4,2007.38,20946864,42048268832,507695,5280992,25.21
RELIANCE,EQ,14-Nov-20,1996.4,2014.9,2015.3,1995.35,2001.55,2002.3,2005.96,2411900,4838163828,99484,621485,25.77
RELIANCE,EQ,17-Nov-20,2002.3,2085,2085,1985,1994.8,1993.25,2013.16,21479385,43241364015,462630,5819797,27.09
RELIANCE,EQ,18-Nov-20,1993.25,1993.25,2006.5,1960.1,1991.2,1987.2,1979.95,14030652,27780020120,410607,3601706,25.67
RELIANCE,EQ,19-Nov-20,1987.2,1987.2,2010.45,1968.2,1972,1973.15,1987.24,12828008,25492281433,307890,3570924,27.84
RELIANCE,EQ,20-Nov-20,1973.15,1975,1983.8,1895,1901,1899.5,1923.27,26522972,51010821673,794436,7772176,29.3
RELIANCE,EQ,23-Nov-20,1899.5,1951,1970,1926.25,1955.2,1950.7,1952.18,20918665,40837042220,497781,5148955,24.61
RELIANCE,EQ,24-Nov-20,1950.7,1964,1974,1932,1971.05,1964.05,1952.11,14277083,27870435600,362587,3213843,22.51
RELIANCE,EQ,25-Nov-20,1964.05,1980,1992.95,1942.2,1947.5,1947.8,1969.06,15062376,29658744016,356793,3040444,20.19
RELIANCE,EQ,26-Nov-20,1947.8,1953.05,1965,1930.05,1957,1952.6,1946.67,11924527,23213094744,266412,3406506,28.57
RELIANCE,EQ,27-Nov-20,1952.6,1940.5,1956.1,1921.4,1940.5,1929.8,1935.45,21845931,42281637553,314085,12489338,57.17
RELIANCE,EQ,01-Dec-20,1929.8,1940.35,1966.25,1930.05,1954.1,1954.9,1950.09,9114939,17774977231,272346,3073957,33.72
RELIANCE,EQ,02-Dec-20,1954.9,1958.5,1962,1935,1959,1958.15,1947.77,10240168,19945469659,236641,3885070,37.94
RELIANCE,EQ,03-Dec-20,1958.15,1972,1981.1,1958.65,1960.8,1964.05,1969.94,12822945,25260374207,270788,6151159,47.97
RELIANCE,EQ,04-Dec-20,1964.05,1969,1969,1940,1947.7,1946.75,1948.72,8521388,16605763759,286109,3771228,44.26
RELIANCE,EQ,07-Dec-20,1946.75,1940.6,1965,1940.6,1958.35,1958.2,1955.62,8418767,16463893633,267040,3706525,44.03
RELIANCE,EQ,08-Dec-20,1958.2,1961.15,2014.25,1950,1992.45,1993.75,1995.12,20030506,39963227134,460158,5692600,28.42
RELIANCE,EQ,09-Dec-20,1993.75,2009.95,2033.8,1999.25,2026,2026.95,2019.89,13464375,27196561520,303801,4861192,36.1
RELIANCE,EQ,10-Dec-20,2026.95,2021.6,2028.5,2001,2008,2007,2010.18,7414229,14903949696,212910,2670339,36.02
RELIANCE,EQ,11-Dec-20,2007,2013,2038,1974.25,1999.4,2005.8,2015.5,12434745,25062187258,265002,3553151,28.57
RELIANCE,EQ,14-Dec-20,2005.8,2007.95,2015,1986.35,1993.5,1991.3,1997.46,7989830,15959361790,248928,2832392,35.45
RELIANCE,EQ,15-Dec-20,1991.3,1989.7,1989.7,1961.1,1973.6,1974.35,1973.54,8561406,16896273509,240918,3108604,36.31
RELIANCE,EQ,16-Dec-20,1974.35,1988,1994.95,1965.7,1977.55,1976.55,1977.57,8565904,16939660871,233001,3281219,38.31
RELIANCE,EQ,17-Dec-20,1976.55,1984.5,2005,1977.15,1985.5,1985.6,1989.37,9346460,18593553237,280068,3368996,36.05
RELIANCE,EQ,18-Dec-20,1985.6,1980.1,2004.9,1965,1998.1,1991.55,1981.58,8522215,16887433569,226069,3412555,40.04
RELIANCE,EQ,21-Dec-20,1991.55,2010,2022,1855.25,1935,1939.7,1976.82,20368545,40264899448,514099,5751990,28.24
RELIANCE,EQ,22-Dec-20,1939.7,1949,1958.9,1888.45,1935,1936.7,1921.8,12986606,24957654770,374827,3386829,26.08
RELIANCE,EQ,23-Dec-20,1936.7,1930,1951.45,1920.65,1947,1943.85,1938.16,8999898,17443231403,282444,3128219,34.76
RELIANCE,EQ,24-Dec-20,1943.85,1947,1998.8,1945.9,1992.95,1994.15,1976.2,9588577,18948962896,250116,2141157,22.33
RELIANCE,EQ,28-Dec-20,1994.15,2006.7,2018,1995.3,2002,2003.3,2006.71,7947719,15948771620,214898,1821777,22.92
RELIANCE,EQ,29-Dec-20,2003.3,2009,2012.3,1982.55,1987,1990.05,1992.97,8589407,17118416326,242433,3009732,35.04
RELIANCE,EQ,30-Dec-20,1990.05,1995.25,2007.2,1975.55,1994.35,1995.5,1991.6,10173132,20260786998,234486,3159950,31.06
RELIANCE,EQ,31-Dec-20,1995.5,1993.5,2011.9,1978.6,1981.8,1985.3,1995.67,8667516,17297504921,226094,2538214,29.28
RELIANCE,EQ,01-Jan-21,1985.3,1988,1997,1982,1988,1987.5,1989.5,4622002,9195480292,139680,1013314,21.92
RELIANCE,EQ,04-Jan-21,1987.5,1995.1,1998.9,1968,1990.25,1990.85,1982.61,11312992,22429227857,316871,3869604,34.2
RELIANCE,EQ,05-Jan-21,1990.85,1969,1983.6,1956,1965,1966.1,1968.87,11132803,21919019063,300233,5208047,46.78
RELIANCE,EQ,06-Jan-21,1966.1,1965.9,1966,1905.15,1915.5,1914.25,1928.17,21414270,41290368153,659284,9038101,42.21
RELIANCE,EQ,07-Jan-21,1914.25,1920.5,1945,1905.15,1912.8,1911.15,1919.86,14918406,28641263321,454695,6452659,43.25
RELIANCE,EQ,08-Jan-21,1911.15,1918,1938.4,1912.1,1934,1933.7,1923.06,12709792,24441751753,270966,5303550,41.73
RELIANCE,EQ,11-Jan-21,1933.7,1938.8,1938.8,1892.5,1899,1897.25,1910.26,15371556,29363709013,479137,7697815,50.08
RELIANCE,EQ,12-Jan-21,1897.25,1903,1960,1899.9,1955.5,1957.05,1935.51,18996047,36766988576,417387,8987850,47.31
RELIANCE,EQ,13-Jan-21,1957.05,1963.55,1974.95,1918.45,1936,1938.8,1948.25,12284876,23934034448,304901,4368602,35.56
RELIANCE,EQ,14-Jan-21,1938.8,1945,1966.9,1939.05,1958.1,1960.6,1957.17,9946818,19467651412,287671,5225648,52.54
RELIANCE,EQ,15-Jan-21,1960.6,1960.6,1973.8,1920.05,1937.9,1937.45,1952.72,9503790,18558204988,264152,3947767,41.54
RELIANCE,EQ,18-Jan-21,1937.45,1949.1,1997,1923.35,1972.8,1983.95,1967.71,16198856,31874686565,399642,6014603,37.13
RELIANCE,EQ,19-Jan-21,1983.95,1994.65,2031,1994.65,2015,2016.4,2018.21,14771048,29811112716,411707,6055057,40.99
RELIANCE,EQ,20-Jan-21,2016.4,2021.4,2058,2001.4,2053,2054.7,2036.58,14271669,29065337316,456106,6676332,46.78
RELIANCE,EQ,21-Jan-21,2054.7,2082,2120,2075,2107,2099.4,2102.61,18038987,37928961935,483168,6386636,35.4
RELIANCE,EQ,22-Jan-21,2099.4,2111,2115.35,2035.15,2047.95,2049.6,2070.96,14090818,29181582565,388593,3512524,24.93
RELIANCE,EQ,25-Jan-21,2049.6,2034.95,2034.95,1932,1935.15,1941,1966.36,25016570,49191602456,723194,9041658,36.14
RELIANCE,EQ,27-Jan-21,1941,1925,1925,1888,1890,1895,1904.59,19553809,37241980448,637355,9587173,49.03
RELIANCE,EQ,28-Jan-21,1895,1880.15,1923.3,1870,1876.35,1876.55,1895.32,15722291,29798806094,446576,4697008,29.87
RELIANCE,EQ,29-Jan-21,1876.55,1894.3,1913.1,1830,1844.95,1841.95,1871.72,20173258,37758612332,472678,9106845,45.14
RELIANCE,EQ,01-Feb-21,1841.95,1859.4,1905,1848,1898.15,1895.3,1874.03,15774504,29561820671,370120,7864911,49.86
RELIANCE,EQ,02-Feb-21,1895.3,1914.25,1940,1854.95,1936,1925.8,1889.81,19138414,36168052851,561567,7369471,38.51
RELIANCE,EQ,03-Feb-21,1925.8,1928.3,1952,1900,1928.5,1930.65,1931.87,13984228,27015673443,345625,4832689,34.56
RELIANCE,EQ,04-Feb-21,1930.65,1924,1940,1905,1921.5,1924.3,1923.71,11826848,22751381754,332784,5411559,45.76
RELIANCE,EQ,05-Feb-21,1924.3,1930.05,1944.65,1920,1924.3,1923.75,1929.36,9344470,18028883268,263144,3564531,38.15
RELIANCE,EQ,08-Feb-21,1923.75,1933.05,1969,1929.05,1951.4,1951.45,1954.84,9776136,19110816695,287247,3553415,36.35
RELIANCE,EQ,09-Feb-21,1951.45,1961.95,1989.6,1952.3,1954.5,1956.15,1974.29,9047308,17861994119,254384,3417112,37.77
RELIANCE,EQ,10-Feb-21,1956.15,1953.75,1984.75,1927.3,1980.35,1974.3,1955.63,9799560,19164292386,288994,3630351,37.05
RELIANCE,EQ,11-Feb-21,1974.3,1980,2064.2,1972.25,2061.8,2055.7,2028.11,19631870,39815594030,546129,5981796,30.47
RELIANCE,EQ,12-Feb-21,2055.7,2055.5,2078,2015.4,2040,2041.6,2049.91,14074374,28851163932,369938,2446469,17.38
RELIANCE,EQ,15-Feb-21,2041.6,2048.05,2061.3,2025,2034,2032.6,2043.13,7287590,14889502308,222500,1339156,18.38
RELIANCE,EQ,16-Feb-21,2032.6,2039.75,2079.4,2035,2058.5,2059.5,2061.23,9886093,20377537337,274329,2429172,24.57
RELIANCE,EQ,17-Feb-21,2059.5,2060,2095.95,2050.6,2079.2,2083.25,2076.99,10957388,22758423346,257784,2784713,25.41
RELIANCE,EQ,18-Feb-21,2083.25,2085,2108.4,2059.1,2063.5,2067.7,2085.18,8605531,17944045241,228157,2460456,28.59
RELIANCE,EQ,19-Feb-21,2067.7,2057,2104.95,2053.3,2080,2080.3,2088.14,10800704,22553356631,279181,3029362,28.05
RELIANCE,EQ,22-Feb-21,2080.3,2080,2089.9,1994.95,1999.1,2008.1,2036.88,10985697,22376599862,309112,4112030,37.43
RELIANCE,EQ,23-Feb-21,2008.1,2048,2052.9,2013.6,2026.15,2023.45,2034.5,11834752,24077795769,275466,4422097,37.37
RELIANCE,EQ,24-Feb-21,2023.45,2030,2065.25,2026.15,2060.55,2061,2048.89,4987735,10219330133,135224,1950596,39.11
RELIANCE,EQ,25-Feb-21,2061,2076,2152,2073,2147,2144.35,2120.59,16085897,34111575088,452535,5714928,35.53
RELIANCE,EQ,26-Feb-21,2144.35,2117,2133.9,2070.7,2079.5,2085.8,2096.69,17297575,36267601929,489066,7330239,42.38
RELIANCE,EQ,01-Mar-21,2085.8,2110.2,2112,2062.5,2103,2101.7,2092.87,8159670,17077101153,266082,2970300,36.4
RELIANCE,EQ,02-Mar-21,2101.7,2122,2130,2089.1,2108,2106,2107.78,7915073,16683250359,244565,2910860,36.78
RELIANCE,EQ,03-Mar-21,2106,2121.05,2219.9,2107.2,2207.1,2202.1,2161.54,14733134,31846213370,326092,6380700,43.31
RELIANCE,EQ,04-Mar-21,2202.1,2180,2189.95,2157.7,2174,2175.85,2175.57,9892597,21522070321,259806,3808559,38.5
RELIANCE,EQ,05-Mar-21,2175.85,2156,2211.95,2153.05,2174.55,2178.7,2184.35,11773630,25717685129,312784,3896896,33.1
RELIANCE,EQ,08-Mar-21,2178.7,2168.5,2231.9,2168,2193,2191.1,2205.66,9002404,19856244553,300037,2389286,26.54
RELIANCE,EQ,09-Mar-21,2191.1,2200,2213.8,2146.6,2190.55,2191.05,2181.47,6993792,15256736216,227932,2047400,29.27
RELIANCE,EQ,10-Mar-21,2191.05,2207,2215.1,2170.25,2179.4,2181.95,2187.67,5316182,11630074902,163700,1461484,27.49
RELIANCE,EQ,12-Mar-21,2181.95,2195,2206.4,2123.9,2136.9,2137.6,2160.6,7783173,16816345899,244889,2820317,36.24
RELIANCE,EQ,15-Mar-21,2137.6,2140.05,2148.9,2080.5,2105,2108.9,2103.37,7706302,16209190176,268696,3083696,40.02
RELIANCE,EQ,16-Mar-21,2108.9,2114,2126,2095.5,2100.75,2100.6,2107.19,6402757,13491841405,235823,2426737,37.9
RELIANCE,EQ,17-Mar-21,2100.6,2098.05,2103,2035.1,2054.5,2055.35,2065.89,8865521,18315233171,241456,4179353,47.14
RELIANCE,EQ,18-Mar-21,2055.35,2072.9,2084.8,2001,2010,2009.1,2038.79,9528809,19427231150,295771,4198315,44.06
RELIANCE,EQ,19-Mar-21,2009.1,1991,2095.85,1982.8,2078.1,2082,2047.5,19284892,39485840254,431829,9334589,48.4
RELIANCE,EQ,22-Mar-21,2082,2071,2074,2033.2,2061,2062.4,2050.93,8571196,17578960666,234534,2866751,33.45
RELIANCE,EQ,23-Mar-21,2062.4,2061.95,2109.7,2056,2079.9,2087.5,2086.63,8039865,16776188635,220527,2152080,26.77
RELIANCE,EQ,24-Mar-21,2087.5,2079.75,2079.75,2040.4,2048.55,2047.3,2055.87,7763726,15961211346,222445,2970460,38.26
RELIANCE,EQ,25-Mar-21,2047.3,2054,2054,1985,1993.95,1991.45,2011.25,10153757,20421743790,292881,4074888,40.13
RELIANCE,EQ,26-Mar-21,1991.45,2012,2013.7,1973.7,1994,1994.65,1995.09,9313160,18580559231,296946,3226521,34.64
RELIANCE,EQ,30-Mar-21,1994.65,2008,2048.9,1991.55,2031.9,2029.3,2026.44,9433850,19117149422,230499,3802211,40.3
RELIANCE,EQ,31-Mar-21,2029.3,2018,2049.9,1999,2005.65,2003.1,2017.21,7499740,15128527745,193340,2904680,38.73
RELIANCE,EQ,01-Apr-21,2003.1,2018,2030,2003.15,2020,2021.85,2017.89,5410307,10917411939,140946,1895300,35.03
RELIANCE,EQ,05-Apr-21,2021.85,2024.95,2025,1962.1,1992,1992.6,1986.24,6864856,13635237476,246459,2208186,32.17
RELIANCE,EQ,06-Apr-21,1992.6,2004,2004.95,1969,1986.2,1984.3,1984.99,6465241,12833469592,209903,2136383,33.04
RELIANCE,EQ,07-Apr-21,1984.3,2000,2046.9,1993.3,2001.55,2002.85,2019.21,11198918,22613014349,286779,4098798,36.6
RELIANCE,EQ,08-Apr-21,2002.85,2011,2022,1993,2006.4,2005.35,2006.16,7092878,14229431685,191800,2633682,37.13
RELIANCE,EQ,09-Apr-21,2005.35,1998.45,2006.35,1980,1983.45,1982.05,1989.08,6478482,12886234947,234390,2807275,43.33
RELIANCE,EQ,12-Apr-21,1982.05,1959,1961.4,1900.25,1915.65,1911.15,1922.99,9646031,18549212835,330605,4432542,45.95
RELIANCE,EQ,13-Apr-21,1911.15,1924,1940.6,1917.85,1932.3,1931.8,1931.39,8958261,17301890369,206237,4960483,55.37
RELIANCE,EQ,15-Apr-21,1931.8,1926.3,1961,1913,1943,1944.3,1933.33,9102492,17598148870,189159,4483830,49.26
RELIANCE,EQ,16-Apr-21,1944.3,1936.6,1949.9,1926.45,1929,1932.1,1935.23,7225679,13983364355,206958,3583568,49.59
RELIANCE,EQ,19-Apr-21,1932.1,1904,1916.4,1890,1903.05,1901.7,1902.57,8527967,16225059562,271570,3886582,45.57
RELIANCE,EQ,20-Apr-21,1901.7,1910.5,1919,1890.45,1905,1901.15,1906.74,7939490,15138541715,202431,4616077,58.14
RELIANCE,EQ,22-Apr-21,1901.15,1892.25,1914.45,1876.7,1905.1,1906.4,1898.59,6687573,12696948265,209895,3155063,47.18
RELIANCE,EQ,23-Apr-21,1906.4,1906,1918.9,1895.35,1903.35,1904.35,1907.47,5459016,10412893970,171621,2589266,47.43
RELIANCE,EQ,26-Apr-21,1904.35,1920,1962,1911.5,1938,1937.85,1941.32,9620785,18676994629,259137,4276703,44.45
RELIANCE,EQ,27-Apr-21,1937.85,1940,1997.2,1938.25,1990,1988.65,1978.64,9226547,18256021294,291197,3772144,40.88
RELIANCE,EQ,28-Apr-21,1988.65,1997.85,2008,1980.15,1993.15,1997.3,1997.6,7902002,15785076088,247331,3921560,49.63
RELIANCE,EQ,29-Apr-21,1997.3,2022.9,2044.5,2007.3,2020,2024.05,2024.21,8035915,16266339428,213153,2834103,35.27
RELIANCE,EQ,30-Apr-21,2024.05,2008.5,2036,1987.55,1995.9,1994.5,2010.2,9150974,18395321175,288687,3902504,42.65
RELIANCE,EQ,03-May-21,1994.5,1966,1979,1943.1,1956,1959.05,1958.46,10909942,21366639469,343806,3800598,34.84
RELIANCE,EQ,04-May-21,1959.05,1950,1967.8,1911,1918,1916.6,1935.83,10083693,19520330406,325798,4435071,43.98
RELIANCE,EQ,05-May-21,1916.6,1923.35,1938.5,1908.05,1921.5,1920.1,1923.26,5719649,11000363969,190990,1762417,30.81
RELIANCE,EQ,06-May-21,1920.1,1921.85,1935,1906.6,1932,1931,1920.95,6749281,12965019709,221666,2830835,41.94
RELIANCE,EQ,07-May-21,1931,1937.75,1955.65,1926,1926.8,1931.75,1940.01,5671163,11002130529,188670,2418447,42.64
RELIANCE,EQ,10-May-21,1931.75,1939,1946.8,1920.95,1927.1,1926.2,1932.02,6433879,12430361107,197986,2996697,46.58
RELIANCE,EQ,11-May-21,1926.2,1915,1938.55,1910,1933.9,1933.15,1929.4,6220217,12001288654,175976,3035544,48.8
RELIANCE,EQ,12-May-21,1933.15,1930.1,1932.9,1907,1913.05,1913.15,1915.34,6081627,11648380362,212378,2760797,45.4
RELIANCE,EQ,14-May-21,1913.15,1928.05,1942,1906,1937,1937.3,1925.2,6134079,11809311728,227142,2202511,35.91
RELIANCE,EQ,17-May-21,1937.3,1937.3,1963.45,1930.4,1958.85,1960.35,1950.25,5479424,10686267806,164252,2006899,36.63
RELIANCE,EQ,18-May-21,1960.35,1981,2002.6,1972.5,1986,1987.95,1987.92,5567958,11068682259,184906,1952871,35.07
RELIANCE,EQ,19-May-21,1987.95,1980,2016.45,1972,1993,1997.05,1998.55,7530294,15049677721,198257,2310132,30.68
RELIANCE,EQ,20-May-21,1997.05,1997.9,2010.9,1981,1982,1985.4,1991.75,5271497,10499527490,158144,2175806,41.27
RELIANCE,EQ,21-May-21,1985.4,1992,2009.6,1986,1999.6,2002.55,1999.87,4977555,9954441992,182141,1909912,38.37
RELIANCE,EQ,24-May-21,2002.55,2008,2009.8,1982,1985.05,1985.65,1994.09,3946636,7869936695,130059,1599399,40.53
RELIANCE,EQ,25-May-21,1985.65,1996.4,1997,1960,1964,1963.15,1974.34,6821015,13466976071,208558,4040447,59.24
RELIANCE,EQ,26-May-21,1963.15,1975,1979.5,1965.3,1967,1970.05,1972.33,3452113,6808700909,118469,1452399,42.07
RELIANCE,EQ,27-May-21,1970.05,1970.3,1993,1962.25,1990,1976.1,1977.57,12377100,24476588080,219255,7857043,63.48
RELIANCE,EQ,28-May-21,1976.1,1990,2105,1990,2094.45,2094.8,2067.42,26060864,53878791590,642384,7383808,28.33
RELIANCE,EQ,31-May-21,2094.8,2102,2191.7,2085.05,2153.5,2160.3,2154.29,27285782,58781421579,624166,7125331,26.11
RELIANCE,EQ,01-Jun-21,2160.3,2166,2202,2146.5,2164.3,2168.9,2176.52,12928379,28138892609,390299,3398513,26.29
RELIANCE,EQ,02-Jun-21,2168.9,2157,2209.5,2157,2207,2201.25,2178.64,11366816,24764187585,258490,5460571,48.04
RELIANCE,EQ,03-Jun-21,2201.25,2221,2250,2196.1,2208,2209.65,2221.49,11064116,24578878323,341728,3241763,29.3
RELIANCE,EQ,04-Jun-21,2209.65,2214.8,2216.45,2184.25,2186.9,2190.5,2197.67,6677278,14674474226,219435,2770956,41.5
RELIANCE,EQ,07-Jun-21,2190.5,2202,2242,2185,2225.05,2227.4,2214.78,7539326,16697958782,227808,2439654,32.36
RELIANCE,EQ,08-Jun-21,2227.4,2226.6,2227.15,2198.15,2211.5,2214.6,2213.34,4464889,9882332306,147771,1548468,34.68
RELIANCE,EQ,09-Jun-21,2214.6,2219,2221,2157.95,2178,2175,2189.57,5265326,11528803336,167739,1817182,34.51
RELIANCE,EQ,10-Jun-21,2175,2193.4,2230,2177.55,2184.8,2183,2199.39,6532832,14368272855,215752,1927662,29.51
RELIANCE,EQ,11-Jun-21,2183,2182.9,2228,2180.1,2215.8,2213.15,2214.24,6351520,14063817595,226319,1955394,30.79
RELIANCE,EQ,14-Jun-21,2213.15,2215,2258.25,2195.05,2245,2244.9,2232.14,9383416,20945097795,284426,2698433,28.76
RELIANCE,EQ,15-Jun-21,2244.9,2261,2274.9,2240.3,2244,2250,2257.44,7002898,15808611100,215805,2501188,35.72
RELIANCE,EQ,16-Jun-21,2250,2244.9,2247.05,2205.85,2209.55,2211.6,2223.78,4982975,11081047107,163887,1901607,38.16
RELIANCE,EQ,17-Jun-21,2211.6,2200,2235,2179.9,2214.15,2215.65,2212.43,7266765,16077176563,225832,2716466,37.38
RELIANCE,EQ,18-Jun-21,2215.65,2225.5,2235,2184.35,2224.15,2225.65,2216.48,13553801,30041725160,221167,6806773,50.22
RELIANCE,EQ,21-Jun-21,2225.65,2203.5,2247.5,2200.15,2238.95,2237.25,2225.6,5624044,12516852292,180220,1583246,28.15
RELIANCE,EQ,22-Jun-21,2237.25,2254,2261,2219.35,2225,2225.75,2245.45,5940386,13338860847,180362,2507156,42.21
RELIANCE,EQ,23-Jun-21,2225.75,2250,2250.6,2201.7,2208.15,2205.35,2217.44,7685796,17042762229,214835,3994464,51.97
RELIANCE,EQ,24-Jun-21,2205.35,2206.85,2214.6,2140,2147.8,2153.5,2174.85,42209687,91799804633,755278,15742153,37.3
RELIANCE,EQ,25-Jun-21,2153.5,2153.5,2153.5,2081.1,2104.5,2104.45,2106.02,25546334,53801077040,629847,9894247,38.73
RELIANCE,EQ,28-Jun-21,2104.45,2122,2126.5,2081,2089,2086,2100.31,9357852,19654379828,286857,4383331,46.84
RELIANCE,EQ,29-Jun-21,2086,2089.5,2109,2084.1,2090,2087.8,2091.92,12526981,26205456483,267376,6733274,53.75
RELIANCE,EQ,30-Jun-21,2087.8,2096.25,2122.65,2091.05,2112,2110.65,2107.86,9120556,19224881425,251722,4591548,50.34
RELIANCE,EQ,01-Jul-21,2110.65,2118,2123.15,2095,2101.5,2097.95,2109.37,5784627,12201907893,196897,2924644,50.56
RELIANCE,EQ,02-Jul-21,2097.95,2097,2132.9,2092.95,2131.55,2129.05,2120.31,6500973,13784074726,187794,3363482,51.74
RELIANCE,EQ,05-Jul-21,2129.05,2136.45,2153.55,2131.5,2150,2150.2,2145.57,5400604,11587348897,175055,3073627,56.91
RELIANCE,EQ,06-Jul-21,2150.2,2144.95,2148.9,2120.2,2127.85,2124.8,2136.74,4647361,9930224311,125408,2476450,53.29
RELIANCE,EQ,07-Jul-21,2124.8,2127.75,2127.75,2098,2112,2110.05,2109.85,4824931,10179875557,227151,2480476,51.41
RELIANCE,EQ,08-Jul-21,2110.05,2116.95,2116.95,2081,2091,2092.6,2097.58,5162088,10827897142,223120,2689326,52.1
RELIANCE,EQ,09-Jul-21,2092.6,2088,2091.7,2066.1,2071.95,2071.2,2074.82,4170886,8653818442,169203,2009477,48.18
RELIANCE,EQ,12-Jul-21,2071.2,2079.75,2101.5,2074.5,2081.95,2084.1,2088.16,3962111,8273507306,140597,1592814,40.2
RELIANCE,EQ,13-Jul-21,2084.1,2100,2103.05,2088.05,2099,2099.7,2097.12,3099956,6500981051,106030,1601381,51.66
RELIANCE,EQ,14-Jul-21,2099.7,2100.35,2106.85,2081.25,2083.55,2086,2090.03,3937768,8230064622,169306,2134737,54.21
RELIANCE,EQ,15-Jul-21,2086,2095,2095,2078.5,2080.75,2082.35,2086.62,4360415,9098550275,148981,2715754,62.28
RELIANCE,EQ,16-Jul-21,2082.35,2087.75,2114.75,2087.6,2110,2112.4,2104.6,4074206,8574569195,126660,1881604,46.18
RELIANCE,EQ,19-Jul-21,2112.4,2100,2124,2092.25,2097.95,2098.95,2108.57,3855577,8129763378,129037,1752416,45.45
RELIANCE,BL,20-Jul-21,1375.45,2098.95,2098.95,2098.95,2098.95,2098.95,2098.95,86189,180906401.6,1,-,-
RELIANCE,EQ,20-Jul-21,2098.95,2099.5,2108,2084,2089.95,2093.8,2097.18,3111185,6524718783,105619,1089396,35.02
RELIANCE,EQ,22-Jul-21,2093.8,2119,2123.9,2098.15,2121.5,2120.7,2111.6,3679260,7769110030,133510,1995464,54.24
RELIANCE,BL,23-Jul-21,2098.95,2120.7,2120.7,2120.7,2120.7,2120.7,2120.7,89355,189495148.5,1,-,-
RELIANCE,EQ,23-Jul-21,2120.7,2134.45,2134.45,2102.05,2104,2105.7,2119.06,4585938,9717885501,143981,2219555,48.4
RELIANCE,EQ,26-Jul-21,2105.7,2108,2121,2071.1,2073.9,2076.85,2092.34,5717830,11963623196,193266,2229836,39
RELIANCE,BL,27-Jul-21,2120.7,2076.85,2076.85,2076.85,2076.85,2076.85,2076.85,80756,167718098.6,1,-,-
RELIANCE,EQ,27-Jul-21,2076.85,2076.8,2083.7,2042,2054,2055,2062,4995516,10300736942,196342,2415095,48.35
RELIANCE,EQ,28-Jul-21,2055,2058,2058,2016.25,2035,2037.35,2033.86,5952355,12106241436,222240,3270667,54.95
RELIANCE,EQ,29-Jul-21,2037.35,2054,2074.4,2043.4,2054.3,2053.25,2057.2,6352886,13069140427,203791,3910056,61.55
RELIANCE,EQ,30-Jul-21,2053.25,2058,2067.95,2031.1,2037,2035.3,2049.03,5238304,10733444605,158088,3003800,57.34
RELIANCE,EQ,02-Aug-21,2035.3,2054.3,2079.4,2041.15,2068.5,2072.5,2067.46,5041934,10424020796,164715,2991501,59.33
RELIANCE,EQ,03-Aug-21,2072.5,2090,2091,2064.2,2090,2087.75,2078.84,5453682,11337335627,137882,2965050,54.37
RELIANCE,EQ,04-Aug-21,2087.75,2094.4,2114,2087,2105,2103.75,2103.18,6077861,12782821703,188340,3542035,58.28
RELIANCE,EQ,05-Aug-21,2103.75,2114.3,2154.8,2104.25,2131,2134.25,2127.24,9807831,20863638485,249218,4572290,46.62
RELIANCE,EQ,06-Aug-21,2134.25,2129.95,2146.95,2078.75,2090,2089.05,2101.07,7670583,16116399922,225682,3217925,41.95
RELIANCE,EQ,09-Aug-21,2089.05,2081,2089.8,2066.5,2078.5,2077.15,2075.98,3458546,7179873286,147892,1588798,45.94
RELIANCE,EQ,10-Aug-21,2077.15,2082,2113,2073.75,2085,2088.05,2095.18,5500708,11524960575,171235,2144258,38.98
RELIANCE,EQ,11-Aug-21,2088.05,2096.95,2120,2083.4,2115,2117.3,2103.58,4238859,8916794683,138291,2089484,49.29
RELIANCE,EQ,12-Aug-21,2117.3,2124.9,2126.2,2105,2109.8,2110.5,2115.11,3755507,7943326100,114345,1900505,50.61
RELIANCE,EQ,13-Aug-21,2110.5,2117.3,2149.9,2108.95,2143,2145.65,2132.45,5898384,12578027784,187810,3269124,55.42
RELIANCE,EQ,16-Aug-21,2145.65,2149.35,2203,2128.15,2169,2173.5,2177.41,10123204,22042343432,290119,4185061,41.34
RELIANCE,EQ,17-Aug-21,2173.5,2168.85,2185.2,2147.85,2163,2164.25,2167.16,5841743,12659986994,190350,3057597,52.34
RELIANCE,EQ,18-Aug-21,2164.25,2174,2186.8,2152.6,2168,2172.65,2170.19,4650008,10091414053,146613,2287876,49.2
RELIANCE,EQ,20-Aug-21,2172.65,2143,2172,2137,2140.1,2148.25,2155.63,4350228,9377502602,147112,1877339,43.15
RELIANCE,EQ,23-Aug-21,2148.25,2174,2174,2132.3,2161.15,2162.35,2156.97,4547802,9809454491,143268,2336976,51.39
RELIANCE,EQ,24-Aug-21,2162.35,2165.05,2192,2155.6,2178,2183.7,2174.28,5475452,11905165197,173479,3050200,55.71
RELIANCE,EQ,25-Aug-21,2183.7,2185.4,2220,2180.1,2201,2202.6,2204.22,6175126,13611364534,198304,2434419,39.42
RELIANCE,EQ,26-Aug-21,2202.6,2208,2244.9,2205,2232,2230.45,2230.28,8579105,19133818234,248660,4241826,49.44
RELIANCE,EQ,27-Aug-21,2230.45,2237,2242.75,2216.05,2225,2227.4,2228.28,4836812,10777769128,152317,2665237,55.1
RELIANCE,EQ,30-Aug-21,2227.4,2250,2275.85,2236.8,2273.75,2270.25,2261.25,6473487,14638152006,206768,3861994,59.66
RELIANCE,EQ,31-Aug-21,2270.25,2276.9,2283.75,2242.25,2257,2258.15,2257.63,12223037,27595093541,206759,6602508,54.02
RELIANCE,EQ,01-Sep-21,2258.15,2273,2292.9,2263,2266,2267.1,2274.28,5143640,11698056163,173178,2684394,52.19
RELIANCE,EQ,02-Sep-21,2267.1,2255,2307.8,2255,2293,2294.4,2288.72,4595048,10516781284,206002,2278475,49.59
RELIANCE,EQ,03-Sep-21,2294.4,2310,2395,2302.5,2389.65,2388.5,2356.29,14151629,33345403716,446968,4903229,34.65
RELIANCE,EQ,06-Sep-21,2388.5,2413,2480,2412,2429,2425.6,2445.46,15525644,37967265940,496545,5627874,36.25
RELIANCE,EQ,07-Sep-21,2425.6,2430,2458,2412,2439,2440.9,2437.65,8006968,19518192089,256461,3224702,40.27
RELIANCE,EQ,08-Sep-21,2440.9,2452,2454,2406.65,2430,2431.35,2429.2,6600210,16033248252,213942,3515264,53.26
RELIANCE,EQ,09-Sep-21,2431.35,2427.9,2437.85,2416.1,2424.1,2425.6,2424.34,4136538,10028369652,194645,2406762,58.18
RELIANCE,EQ,13-Sep-21,2425.6,2433,2433,2368.05,2369.8,2371.55,2381.94,7527598,17930286910,327407,4414702,58.65
RELIANCE,EQ,14-Sep-21,2371.55,2375,2394,2366,2370.5,2368.45,2377.55,4111205,9774584168,153291,2491875,60.61
RELIANCE,EQ,15-Sep-21,2368.45,2368.5,2395.75,2368.5,2379.4,2378.3,2380.39,4186300,9965045383,168130,2310144,55.18
RELIANCE,EQ,16-Sep-21,2378.3,2381.55,2436.75,2367,2424,2428.2,2408.55,6206657,14949050570,214010,2473588,39.85
RELIANCE,EQ,17-Sep-21,2428.2,2446,2455.85,2375.6,2387,2390.55,2410.13,16098099,38798580127,278098,9460717,58.77
RELIANCE,EQ,20-Sep-21,2390.55,2372.1,2418.35,2370,2391.85,2394.35,2398.57,5436385,13039553487,171011,3042705,55.97
RELIANCE,EQ,21-Sep-21,2394.35,2405,2416.6,2384,2400,2404.7,2401.93,4576111,10991510852,149803,2365643,51.7
RELIANCE,EQ,22-Sep-21,2404.7,2408,2442,2398.25,2430.8,2430.5,2426.47,5074612,12313409794,179090,2811116,55.4
RELIANCE,EQ,23-Sep-21,2430.5,2447.4,2497,2445.5,2488.1,2489.9,2475.75,7267883,17993432143,255176,3910090,53.8
RELIANCE,EQ,24-Sep-21,2489.9,2503.55,2505.45,2472,2479,2482.7,2488.36,7011181,17446321055,234214,4228344,60.31
RELIANCE,EQ,27-Sep-21,2482.7,2487,2529.9,2475.3,2527,2524.45,2510.93,7095022,17815116545,224209,4184695,58.98
RELIANCE,EQ,28-Sep-21,2524.45,2534,2564.9,2512.8,2545,2548.05,2539.99,8323269,21141019462,229286,4321030,51.92
RELIANCE,EQ,29-Sep-21,2548.05,2570,2570,2520.05,2530,2527.85,2536.91,4485721,11379866281,166259,2223603,49.57
RELIANCE,EQ,30-Sep-21,2527.85,2525,2534.6,2500.35,2511,2519.25,2517.46,6272085,15789702475,173121,3408378,54.34
RELIANCE,EQ,01-Oct-21,2519.25,2501.95,2539.8,2495,2525,2523.7,2521.05,4134544,10423389476,144149,2032482,49.16
RELIANCE,BL,04-Oct-21,2076.85,2523.7,2523.7,2523.7,2523.7,2523.7,2523.7,2705236,6827204093,1,-,-
RELIANCE,EQ,04-Oct-21,2523.7,2553,2574.85,2537.05,2558,2556.15,2556.97,5038910,12884346776,163519,2674027,53.07
RELIANCE,EQ,05-Oct-21,2556.15,2555.1,2612,2547.35,2610.25,2609.2,2582.03,6245770,16126767140,190163,3235964,51.81
RELIANCE,EQ,06-Oct-21,2609.2,2619.95,2619.95,2551.1,2554,2559.85,2585.47,4734472,12240833225,175209,2432010,51.37
RELIANCE,EQ,07-Oct-21,2559.85,2595,2598.75,2567.7,2572,2572.4,2583.27,2924370,7554440823,122777,1479822,50.6
RELIANCE,EQ,08-Oct-21,2572.4,2585.25,2684.4,2581.5,2669.2,2671.25,2642.81,7279003,19237049930,253640,2953704,40.58
RELIANCE,EQ,11-Oct-21,2671.25,2701.4,2720,2645.35,2655,2652.65,2682.21,6815737,18281209273,247361,3863950,56.69
RELIANCE,EQ,12-Oct-21,2652.65,2645,2683,2641.25,2668,2667.8,2661.5,3083747,8207402616,145888,1584484,51.38
RELIANCE,EQ,13-Oct-21,2667.8,2679,2719.5,2669.3,2698,2694.95,2691.35,4596429,12370607841,205663,2360789,51.36
RELIANCE,EQ,14-Oct-21,2694.95,2700.35,2717.45,2687.2,2701,2700.4,2700.84,3979730,10748597410,144964,2254495,56.65
RELIANCE,EQ,18-Oct-21,2700.4,2668.6,2745,2662.3,2707.8,2707.6,2713.78,6273850,17025855507,274696,3527305,56.22
RELIANCE,EQ,19-Oct-21,2707.6,2723.8,2751.35,2708,2730.8,2731.85,2733.67,4076617,11144119425,203192,1855378,45.51
RELIANCE,EQ,20-Oct-21,2731.85,2742.75,2742.75,2691.5,2703.5,2700.4,2710.54,5865926,15899837286,186061,3785182,64.53
RELIANCE,EQ,21-Oct-21,2700.4,2727.4,2728,2603.2,2635,2622.5,2642.91,9613812,25408416389,356400,6238985,64.9
RELIANCE,EQ,22-Oct-21,2622.5,2620,2664.9,2611.5,2625.75,2627.4,2635.21,5089178,13411067863,209472,2398678,47.13
RELIANCE,EQ,25-Oct-21,2627.4,2680,2680,2570,2607,2601.8,2611.17,7937067,20725006859,317548,2950789,37.18
RELIANCE,EQ,26-Oct-21,2601.8,2617.1,2668.9,2603.15,2666.3,2661.05,2635.7,4499706,11859859537,199021,2113316,46.97
RELIANCE,EQ,27-Oct-21,2661.05,2652,2676.8,2619.95,2622.3,2627.4,2652.28,4567140,12113330049,176020,2090011,45.76
RELIANCE,EQ,28-Oct-21,2627.4,2620,2637.95,2590.5,2598,2598.6,2610.69,4562471,11911187009,170822,2460989,53.94
RELIANCE,EQ,29-Oct-21,2598.6,2596.15,2596.15,2501.7,2540,2536.25,2548.04,6568539,16736893522,277855,3111491,47.37
RELIANCE,EQ,01-Nov-21,2536.25,2536.25,2556,2494.1,2538.1,2537.8,2523.59,7144532,18029885098,273829,4144630,58.01
RELIANCE,EQ,02-Nov-21,2537.8,2545,2548,2495.25,2503.05,2500.8,2510.1,4877652,12243384396,225933,2997092,61.45
RELIANCE,EQ,03-Nov-21,2500.8,2506.05,2520,2461,2483,2483.6,2487.7,5533120,13764733320,240878,3207104,57.96
RELIANCE,EQ,04-Nov-21,2483.6,2492.95,2504.9,2490,2503,2498.85,2497.33,787160,1965800892,63285,402932,51.19
RELIANCE,EQ,08-Nov-21,2498.85,2519.4,2520,2456.4,2502.9,2501.95,2483.27,9385607,23306981380,456493,6743994,71.85
RELIANCE,EQ,09-Nov-21,2501.95,2505,2528.9,2487.05,2528.6,2521.7,2508.11,7237470,18152375051,205289,4623106,63.88
RELIANCE,EQ,10-Nov-21,2521.7,2516.7,2558,2503.65,2546.45,2549.9,2538.63,4731975,12012742203,168600,2429050,51.33
RELIANCE,EQ,11-Nov-21,2549.9,2540.05,2570.5,2535.55,2556,2554.55,2551.89,4948422,12627828736,216865,2846346,57.52
RELIANCE,EQ,12-Nov-21,2554.55,2562.9,2598.75,2557,2588,2593.1,2582.61,4020744,10384009844,149602,2336224,58.1
RELIANCE,EQ,15-Nov-21,2593.1,2600,2602.2,2570,2574.5,2577.8,2581.57,2216708,5722594257,107475,1054022,47.55
RELIANCE,EQ,16-Nov-21,2577.8,2572.05,2575,2495,2497.25,2517.9,2536.01,5232292,13269127406,209557,2660951,50.86
RELIANCE,EQ,17-Nov-21,2517.9,2498.95,2498.95,2461,2462.8,2464,2479.92,4708235,11676042765,240722,2537105,53.89
RELIANCE,EQ,18-Nov-21,2464,2460,2489,2450.05,2473,2473.3,2467.65,3925345,9686386835,218820,1573249,40.08
RELIANCE,EQ,22-Nov-21,2473.3,2436.1,2449,2351,2365.65,2363.75,2380.24,11133364,26500112858,469744,6257212,56.2
RELIANCE,EQ,23-Nov-21,2363.75,2333.05,2401.25,2309,2389.95,2385.85,2362.47,11688406,27613501136,393864,7161105,61.27
RELIANCE,EQ,24-Nov-21,2385.85,2380,2409.9,2343.55,2343.55,2351.4,2376.12,7762564,18444768824,291051,4345352,55.98
RELIANCE,EQ,25-Nov-21,2351.4,2373,2502,2357.15,2501,2492.95,2452.67,19568487,47994998311,497536,9245255,47.25
RELIANCE,EQ,26-Nov-21,2492.95,2467.8,2477.6,2401.5,2405.1,2412.6,2433.36,7274686,17701896486,306992,2921250,40.16
RELIANCE,EQ,29-Nov-21,2412.6,2439.1,2500,2399.1,2437.7,2441.5,2464.2,11226147,27663493598,375905,4117378,36.68
RELIANCE,EQ,30-Nov-21,2441.5,2468,2475.9,2388.85,2401.2,2405.4,2424.91,14847511,36003821297,381257,8601779,57.93
RELIANCE,EQ,01-Dec-21,2405.4,2433,2474,2425.1,2467.75,2467,2449.6,4663276,11423147562,202787,1687324,36.18
RELIANCE,EQ,02-Dec-21,2467,2469.7,2496.2,2461.6,2481.95,2482.85,2482.51,5870468,14573515872,248052,3156679,53.77
RELIANCE,EQ,03-Dec-21,2482.85,2498.4,2498.5,2400,2413.15,2408.25,2436.1,8871172,21611045769,283259,4898098,55.21
RELIANCE,EQ,06-Dec-21,2408.25,2416,2425,2357.15,2365.95,2362.6,2388.06,4768334,11387071065,210176,1750877,36.72
RELIANCE,EQ,07-Dec-21,2362.6,2376.15,2404,2360,2382,2381.85,2387.87,5185007,12381107849,233720,2782548,53.67
RELIANCE,EQ,08-Dec-21,2381.85,2424.1,2431.8,2406.3,2420.95,2418.1,2418.81,4035437,9760953633,175071,1712929,42.45
RELIANCE,EQ,09-Dec-21,2418.1,2435,2474.9,2425,2453,2456.45,2453.15,6098050,14959457281,248350,2655912,43.55
RELIANCE,EQ,10-Dec-21,2456.45,2440.25,2466,2430.35,2457.25,2458.95,2443.62,3860176,9432810633,177038,1988951,51.52
RELIANCE,EQ,13-Dec-21,2458.95,2473.5,2474.1,2404,2411.45,2409.65,2425.3,5954148,14440614208,240510,3289988,55.26
RELIANCE,EQ,14-Dec-21,2409.65,2380,2406,2373.4,2382.5,2380.15,2386.78,5995586,14310134061,248926,3370468,56.22
RELIANCE,EQ,15-Dec-21,2380.15,2384,2405,2361.1,2369.9,2373.2,2379.84,4322855,10287701639,199178,1991411,46.07
RELIANCE,EQ,16-Dec-21,2373.2,2405.7,2415.5,2368.65,2413.95,2403.9,2392.29,4504829,10776855117,187830,2041248,45.31
RELIANCE,EQ,17-Dec-21,2403.9,2398.05,2408,2320,2343.4,2340.45,2346.72,9714489,22797150334,301459,5156114,53.08
RELIANCE,EQ,20-Dec-21,2340.45,2317.85,2317.85,2247.1,2276.8,2277.35,2277.67,6611376,15058513386,331211,3744186,56.63
RELIANCE,EQ,21-Dec-21,2277.35,2311.35,2346,2292.2,2313,2311.25,2317.69,5924071,13730177504,241858,2954613,49.87
RELIANCE,EQ,22-Dec-21,2311.25,2324.9,2371.9,2322,2365,2366.1,2346.81,8149415,19125125459,222615,5325994,65.35
RELIANCE,EQ,23-Dec-21,2366.1,2374,2380,2358.05,2365,2365.25,2367.28,4186912,9911598014,173393,2364993,56.49
RELIANCE,EQ,24-Dec-21,2365.25,2370,2392,2337.55,2367.15,2372.8,2360.96,3639616,8592980568,159321,1160672,31.89
RELIANCE,EQ,27-Dec-21,2372.8,2361.55,2378,2348.1,2371,2370.25,2366.87,1853948,4388054040,89509,532328,28.71
RELIANCE,EQ,28-Dec-21,2370.25,2375.6,2404.85,2373.05,2404,2398.4,2389.02,2941883,7028226280,121810,1230092,41.81
RELIANCE,EQ,29-Dec-21,2398.4,2391,2419,2382.1,2398,2402.5,2400.08,7118779,17085610789,169024,4190091,58.86
RELIANCE,EQ,30-Dec-21,2402.5,2400,2404.95,2345.6,2364,2359.1,2366.88,13537254,32041015241,226181,7709766,56.95
RELIANCE,EQ,31-Dec-21,2359.1,2373,2383.9,2360,2368.5,2368.15,2370.53,4373768,10368136138,138728,2109083,48.22
RELIANCE,EQ,03-Jan-22,2368.15,2365,2407.95,2363.55,2407.95,2403.85,2392.64,2502073,5986568510,105190,1082865,43.28
RELIANCE,EQ,04-Jan-22,2403.85,2415.9,2461,2404,2460,2458.1,2437.26,5006225,12201491702,208647,2421857,48.38
RELIANCE,EQ,05-Jan-22,2458.1,2462,2477,2432.95,2461.85,2469.6,2455.69,5373618,13195934863,210976,2963957,55.16
RELIANCE,EQ,06-Jan-22,2469.6,2451.2,2454,2409,2419.15,2416.5,2423.21,6667483,16156735762,227953,3950375,59.25
RELIANCE,EQ,07-Jan-22,2416.5,2430.95,2458.05,2411.55,2439.9,2436,2436.73,6051239,14745214278,191088,3342839,55.24
RELIANCE,EQ,10-Jan-22,2436,2452,2457,2416.05,2440.2,2438,2432.54,4267365,10380527641,214098,2152906,50.45
RELIANCE,EQ,11-Jan-22,2438,2436,2474.95,2435,2455.8,2455.55,2459.51,7478681,18393912176,209712,4746648,63.47
RELIANCE,EQ,12-Jan-22,2455.55,2471.3,2524.95,2465,2518,2521.1,2505.89,6830402,17116227266,267056,3238315,47.41
RELIANCE,EQ,13-Jan-22,2521.1,2521.25,2541,2508.4,2536.25,2535.3,2525.55,5471871,13819465157,186278,3115794,56.94
RELIANCE,EQ,14-Jan-22,2535.3,2535,2567.3,2525.85,2537,2539,2545.66,9197773,23414360751,195865,5804124,63.1
RELIANCE,EQ,17-Jan-22,2539,2538,2565,2537,2553,2552.25,2555.1,3708822,9476427091,160043,2207498,59.52
RELIANCE,EQ,18-Jan-22,2552.25,2554.75,2562.35,2515.75,2523,2521.8,2540.02,2868235,7285364915,158330,1312810,45.77
RELIANCE,EQ,19-Jan-22,2521.8,2530,2542,2509,2521.4,2521.6,2522.72,4502155,11357696262,153189,2589631,57.52
RELIANCE,EQ,20-Jan-22,2521.6,2500.05,2509.95,2455,2482.1,2477.45,2480.98,7612203,18885733851,251195,5220672,68.58
RELIANCE,EQ,21-Jan-22,2477.45,2452,2502.25,2452,2476.05,2477.85,2475.83,6155759,15240631433,236838,3203303,52.04
RELIANCE,EQ,24-Jan-22,2477.85,2475,2504.75,2355.1,2379.9,2377.9,2418.6,10092511,24409735847,399996,5366991,55.21
RELIANCE,EQ,25-Jan-22,2377.9,2349.55,2388.65,2305,2368.1,2373.25,2343.88,11311456,26512743790,482175,6446850,56.99
RELIANCE,EQ,27-Jan-22,2373.25,2336,2356.1,2311.05,2347,2338.1,2333.67,9239426,21561779760,315266,5271565,57.06
RELIANCE,EQ,28-Jan-22,2338.1,2365,2375.9,2328.4,2336,2335.85,2347.94,6769154,15893536412,255535,4021895,59.42
RELIANCE,EQ,31-Jan-22,2335.85,2360.2,2406.4,2356.2,2384.05,2386.6,2388.27,5604308,13384612780,268776,2989691,53.35
RELIANCE,EQ,01-Feb-22,2386.6,2408,2420.6,2347.1,2382.8,2378.7,2394.79,6092033,14589169630,227599,2933488,48.15
RELIANCE,EQ,02-Feb-22,2378.7,2407,2407,2375.1,2385,2383.55,2384.84,4623163,11025484208,153391,2821709,61.03
RELIANCE,EQ,03-Feb-22,2383.55,2392,2401.45,2347.2,2348.45,2352.75,2367.01,4417864,10457143007,236441,2596474,58.77
RELIANCE,EQ,04-Feb-22,2352.75,2341,2348.45,2321.1,2330.5,2331.3,2334.17,5104761,11915365723,230586,2346527,45.97
RELIANCE,EQ,07-Feb-22,2331.3,2342,2356.8,2305,2319.4,2317.1,2330.89,4944725,11525587392,243702,2190778,44.31
RELIANCE,EQ,08-Feb-22,2317.1,2330.65,2360,2310,2357.5,2356.05,2338.32,5566080,13015260813,186348,2963152,53.24
RELIANCE,EQ,09-Feb-22,2356.05,2371.15,2387.2,2358,2384,2383.5,2373.06,5300891,12579355095,180905,3104784,58.57
RELIANCE,EQ,10-Feb-22,2383.5,2395.7,2395.7,2365.1,2376.95,2381.05,2381.99,5752361,13702086540,210155,3608073,62.72
RELIANCE,EQ,11-Feb-22,2381.05,2373.25,2384.5,2344.1,2372.55,2376.4,2367.97,7357863,17423186718,283837,4905802,66.67
RELIANCE,EQ,14-Feb-22,2376.4,2340.25,2354.95,2313,2332,2338.55,2338.11,4947109,11566867666,219862,2751275,55.61
RELIANCE,EQ,15-Feb-22,2338.55,2351.2,2423.9,2335.7,2415.1,2417.95,2381.19,5174646,12321814148,261746,2563105,49.53
RELIANCE,EQ,16-Feb-22,2417.95,2430,2433,2395.95,2407.65,2412.95,2417.77,4796294,11596325561,190438,2607957,54.37
RELIANCE,EQ,17-Feb-22,2412.95,2420.1,2454.9,2410,2441,2443.5,2439.61,5931774,14471212589,211881,2872619,48.43
RELIANCE,EQ,18-Feb-22,2443.5,2444.4,2456.4,2420.15,2427.3,2424.4,2440.25,3126873,7630367400,158691,1216161,38.89
RELIANCE,EQ,21-Feb-22,2424.4,2412,2437.5,2384.6,2399.6,2399.9,2409.12,5125968,12349078485,226214,2888548,56.35
RELIANCE,EQ,22-Feb-22,2399.9,2352.9,2395.9,2347.15,2389.75,2389,2372.16,6227901,14773584971,197401,3920789,62.96
RELIANCE,EQ,23-Feb-22,2389,2401.1,2406.55,2368,2371.25,2374.05,2391.23,3373615,8067102258,195350,1928054,57.15
RELIANCE,EQ,24-Feb-22,2374.05,2305,2339.9,2243.4,2250,2255.75,2291.15,11466725,26272008238,493459,7266877,63.37
RELIANCE,EQ,25-Feb-22,2255.75,2280.1,2307.95,2276.25,2283,2283.95,2290.84,6724094,15403844189,281047,3670287,54.58
RELIANCE,EQ,28-Feb-22,2283.95,2243,2367.35,2243,2355,2359.55,2328.64,9828768,22887683561,240020,5321030,54.14
RELIANCE,EQ,02-Mar-22,2359.55,2334.45,2401,2329.2,2399.25,2398.55,2376.69,9909226,23551157614,309328,6277829,63.35
RELIANCE,EQ,03-Mar-22,2398.55,2400,2414.85,2370.05,2382,2378.3,2392.27,4701183,11246476349,230143,2479449,52.74
RELIANCE,EQ,04-Mar-22,2378.3,2353,2364.3,2320.35,2327.95,2325.55,2338.2,4986814,11660149353,219860,2754095,55.23
RELIANCE,EQ,07-Mar-22,2325.55,2278.7,2312.1,2222,2240.05,2239.55,2256.84,8299295,18730168161,372828,4962748,59.8
RELIANCE,EQ,08-Mar-22,2239.55,2211.5,2246,2180,2235.05,2235.5,2220.15,9825043,21813021865,428117,5602260,57.02
RELIANCE,EQ,09-Mar-22,2235.5,2236,2367,2234.15,2358.3,2354.1,2316.35,9421163,21822706478,325395,4647153,49.33
RELIANCE,EQ,10-Mar-22,2354.1,2400,2405,2360,2387,2392.25,2386.79,8297995,19805599253,278083,4102149,49.44
RELIANCE,EQ,11-Mar-22,2392.25,2376.05,2411,2376.05,2393.15,2399.15,2396.11,5656799,13554290819,199494,3028604,53.54
RELIANCE,EQ,14-Mar-22,2399.15,2386.9,2424.4,2374,2422.2,2418.85,2401.52,3849222,9243998854,160500,1800381,46.77
RELIANCE,EQ,15-Mar-22,2418.85,2427.95,2427.95,2340.85,2362,2363.45,2386.09,7349740,17537136612,257511,3924279,53.39
RELIANCE,EQ,16-Mar-22,2363.45,2382,2407.9,2377.1,2401.5,2403.35,2396.17,5145644,12329854279,185464,2824434,54.89
RELIANCE,EQ,17-Mar-22,2403.35,2432.75,2497.4,2415.1,2487.5,2481.7,2456.66,9886295,24287296550,274442,5961590,60.3
RELIANCE,EQ,21-Mar-22,2481.7,2444,2484,2439,2463,2467.4,2465.17,5537752,13651502305,235063,3019258,54.52
RELIANCE,EQ,22-Mar-22,2467.4,2460.1,2534.95,2453.6,2528,2531.15,2508.41,10410082,26112751092,314410,5753732,55.27
RELIANCE,EQ,23-Mar-22,2531.15,2523,2564.85,2523,2535,2539.2,2546.52,7135797,18171479956,235853,4321837,60.57
RELIANCE,EQ,24-Mar-22,2539.2,2510,2584.15,2510,2572,2578.65,2557.8,6077153,15544115850,221309,3208900,52.8
RELIANCE,EQ,25-Mar-22,2578.65,2582.5,2616,2577,2600.9,2595.85,2596.66,6563676,17043606171,276908,3821279,58.22
RELIANCE,EQ,28-Mar-22,2595.85,2610,2629.75,2586.5,2617,2621.95,2611.69,4564891,11922093056,183261,2149565,47.09
RELIANCE,EQ,29-Mar-22,2621.95,2638,2638,2607.4,2618,2622.55,2623,4007695,10512198456,203830,2280912,56.91
RELIANCE,EQ,30-Mar-22,2622.55,2639.9,2688,2617.1,2658.7,2672.95,2661.36,7297028,19420019029,219316,4259734,58.38
RELIANCE,EQ,31-Mar-22,2672.95,2664.95,2669.7,2628.6,2636,2634.75,2642,6102744,16123465625,249443,3893403,63.8
RELIANCE,EQ,01-Apr-22,2634.75,2636,2665.15,2622,2661,2655.85,2641.48,3656408,9658325027,163060,1845831,50.48
RELIANCE,EQ,04-Apr-22,2655.85,2655.45,2675,2641.65,2660.65,2663.7,2658.17,3659307,9727052260,167593,1859891,50.83
RELIANCE,EQ,05-Apr-22,2663.7,2651.1,2669.9,2620.7,2626,2626.05,2636.9,6068663,16002466152,204933,3962890,65.3
RELIANCE,EQ,06-Apr-22,2626.05,2587.1,2634.5,2587.1,2616,2619.05,2613.61,5656703,14784387494,163311,3640461,64.36
RELIANCE,EQ,07-Apr-22,2619.05,2595.1,2606,2567,2572.2,2572.85,2583.1,7151632,18473348627,233582,4936384,69.02
RELIANCE,EQ,08-Apr-22,2572.85,2560,2625,2560,2617.95,2615.65,2602.86,6992874,18201444977,213226,4458242,63.75
RELIANCE,EQ,11-Apr-22,2615.65,2600,2638.55,2583,2610.95,2610.2,2606.45,4270816,11131687285,195602,2103573,49.25
RELIANCE,EQ,12-Apr-22,2610.2,2587,2602.6,2555.4,2560,2561.05,2571.18,6099986,15684139811,277354,4019726,65.9
RELIANCE,EQ,13-Apr-22,2561.05,2574.5,2592.6,2545.5,2551.9,2551.65,2565.29,4778478,12258158723,192467,3009160,62.97
RELIANCE,EQ,18-Apr-22,2551.65,2533,2559.8,2521.8,2540.2,2543.85,2538.38,4603103,11684440905,222881,3079230,66.89
RELIANCE,EQ,19-Apr-22,2543.85,2558,2668,2551.05,2626,2640.8,2628.35,12064446,31709558938,459863,6735937,55.83
RELIANCE,EQ,20-Apr-22,2640.8,2657.1,2734,2649.1,2717.5,2718.45,2710.69,11570835,31364925329,461685,5767347,49.84
RELIANCE,EQ,21-Apr-22,2718.45,2750.9,2789,2732,2782,2782.1,2773.48,10018531,27786222124,352010,5151153,51.42
RELIANCE,EQ,22-Apr-22,2782.1,2758.9,2802,2744.2,2762,2758.8,2768.55,6947490,19234486953,221036,3113096,44.81
RELIANCE,EQ,25-Apr-22,2758.8,2742.4,2758.4,2663.65,2696,2695,2711.2,7874671,21349802724,282246,4210856,53.47
RELIANCE,EQ,26-Apr-22,2695,2710,2795,2707.7,2788.2,2775.65,2744.48,5643066,15487283097,215190,2382379,42.22
RELIANCE,EQ,27-Apr-22,2775.65,2755.85,2828,2755.05,2776,2778.35,2794.98,8924920,24944937713,380463,4014016,44.98
RELIANCE,EQ,28-Apr-22,2778.35,2809.95,2851,2786.1,2810,2819.85,2823.91,11820892,33381106175,361970,6937716,58.69
RELIANCE,EQ,29-Apr-22,2819.85,2856.15,2856.15,2777.3,2799.7,2790.25,2817.63,8406156,23685432933,231044,4308908,51.26
RELIANCE,EQ,02-May-22,2790.25,2762,2805.5,2758.05,2780.9,2780.45,2783.29,4369022,12160268320,189251,1939501,44.39
RELIANCE,EQ,04-May-22,2780.45,2785,2790,2676.3,2692,2693.65,2728.03,8882792,24232482662,277638,4758487,53.57
RELIANCE,EQ,05-May-22,2693.65,2723.5,2730,2632,2643,2640.9,2677.81,7942721,21269098539,256514,4135949,52.07
RELIANCE,EQ,06-May-22,2640.9,2612.2,2659,2593.55,2628,2620.65,2619.88,9068448,23758282133,291431,4117945,45.41
RELIANCE,EQ,09-May-22,2620.65,2574.95,2597.1,2507,2508,2518.3,2540.75,8345649,21204215137,344258,3496083,41.89
RELIANCE,EQ,10-May-22,2518.3,2495,2526.6,2458,2461.7,2474.65,2495.14,9004636,22467846481,329083,4214002,46.8
RELIANCE,EQ,11-May-22,2474.65,2472.65,2484.95,2421.95,2450.75,2449.3,2454.29,7681157,18851760949,325039,3471644,45.2
RELIANCE,EQ,12-May-22,2449.3,2427.5,2434.85,2370,2403.5,2399.4,2400.6,9456280,22700752367,359540,5344949,56.52
RELIANCE,EQ,13-May-22,2399.4,2426,2478,2415.35,2431.45,2426.6,2451.67,8910998,21846799849,408746,4652716,52.21
RELIANCE,EQ,16-May-22,2426.6,2434.45,2481,2416.65,2428.05,2427.2,2444.28,6201594,15158412714,244925,3089139,49.81
RELIANCE,EQ,17-May-22,2427.2,2435.1,2539.9,2432,2533.5,2529.15,2501.03,7638666,19104526814,278980,4085578,53.49
RELIANCE,EQ,18-May-22,2529.15,2539.65,2570,2508.25,2542.25,2538.35,2535.87,7973235,20219114283,293806,3948750,49.53
RELIANCE,EQ,19-May-22,2538.35,2484,2512.5,2466.05,2477.9,2479.85,2494.14,6783641,16919358308,266213,3713450,54.74
RELIANCE,EQ,20-May-22,2479.85,2512.5,2644.4,2502,2628.85,2624.45,2569.3,10057508,25840801772,366921,5198311,51.69
RELIANCE,EQ,23-May-22,2624.45,2631.5,2653.55,2593,2602.5,2606.9,2617.9,7039144,18427794861,256879,3078691,43.74
RELIANCE,EQ,24-May-22,2606.9,2607,2638,2597.7,2615.05,2615.85,2619.42,6243086,16353268082,238049,3094755,49.57
RELIANCE,EQ,25-May-22,2615.85,2635,2656.7,2601.5,2613.4,2612,2625.82,5867760,15407680360,224077,2740033,46.7
RELIANCE,EQ,26-May-22,2612,2624.4,2634.9,2548,2589,2587.1,2587.3,8252551,21351851440,295460,3568836,43.25
RELIANCE,EQ,27-May-22,2587.1,2593.05,2605.15,2540.1,2575.3,2575.1,2574.11,7624888,19627294688,223459,3519149,46.15
RELIANCE,EQ,30-May-22,2575.1,2615,2674,2594.2,2668,2664.8,2640.57,6393341,16882083950,176733,2716871,42.5
RELIANCE,EQ,31-May-22,2664.8,2641.4,2678.8,2615.7,2623.6,2632.65,2638.54,32591420,85993898870,309551,19734107,60.55
RELIANCE,EQ,01-Jun-22,2632.65,2634.3,2655.2,2616.2,2635,2633.5,2638.15,4512079,11903542974,165071,2072536,45.93
RELIANCE,EQ,02-Jun-22,2633.5,2634,2732.45,2634,2728.3,2724.3,2701.3,10211408,27584103887,297958,4788206,46.89
RELIANCE,EQ,03-Jun-22,2724.3,2744,2817.35,2742,2778,2779.5,2793.34,11048210,30861449557,353834,5136072,46.49
RELIANCE,EQ,06-Jun-22,2779.5,2780,2814,2751.8,2766.25,2767.55,2775.79,5119488,14210599850,217253,1680712,32.83
RELIANCE,EQ,07-Jun-22,2767.55,2769.9,2791.1,2752.05,2767.05,2772.75,2773.03,5703333,15815485544,232290,2712556,47.56
RELIANCE,EQ,08-Jun-22,2772.75,2772.75,2781,2716.3,2722,2724.05,2741.07,5759172,15786294151,241691,3012536,52.31
RELIANCE,EQ,09-Jun-22,2724.05,2710,2803,2710,2796.05,2798.75,2763.87,7973935,22038890334,281501,4301647,53.95
RELIANCE,EQ,10-Jun-22,2798.75,2771.9,2789.9,2701.5,2713.9,2714.25,2740.01,8349943,22878943836,278759,4608963,55.2
RELIANCE,EQ,13-Jun-22,2714.25,2650,2672.8,2616.3,2668,2662.9,2646.3,8131998,21519668180,303540,4242241,52.17
RELIANCE,EQ,14-Jun-22,2662.9,2650.05,2671.85,2613.45,2627.75,2628.1,2637.47,6790653,17910140470,237522,3299932,48.6
RELIANCE,EQ,15-Jun-22,2628.1,2617.55,2637.3,2584.4,2595.8,2596.3,2613.39,5166738,13502708125,214934,1888736,36.56
RELIANCE,EQ,16-Jun-22,2596.3,2623,2659.05,2554,2555.1,2560,2603.56,7896943,20560173724,282387,3664860,46.41
RELIANCE,EQ,17-Jun-22,2560,2560,2624.85,2556.1,2605.05,2590,2592.42,11286988,29260639914,287827,5410573,47.94
RELIANCE,EQ,20-Jun-22,2590,2605,2617.1,2521.1,2542.9,2543.05,2552.96,5568825,14216989372,228914,2410448,43.28
RELIANCE,EQ,21-Jun-22,2543.05,2560,2593.4,2528.3,2582,2584.1,2562.46,5408801,13859827576,219641,1906058,35.24
RELIANCE,EQ,22-Jun-22,2584.1,2558.1,2558.3,2501,2502,2505.6,2524.18,4899839,12368075581,229961,2129069,43.45
RELIANCE,EQ,23-Jun-22,2505.6,2515.05,2525,2445,2469,2464.95,2485.55,8974475,22306490549,400081,2980195,44.35
RELIANCE,EQ,24-Jun-22,2464.95,2480,2511,2468,2497.55,2500.05,2491.97,6571866,16376908912,258066,3440303,52.35
RELIANCE,EQ,27-Jun-22,2500.05,2544.95,2544.95,2481.55,2495.6,2492.65,2511.81,7141493,17938104628,245447,4127406,57.79
RELIANCE,EQ,28-Jun-22,2492.65,2482.1,2533.95,2482.1,2530,2527.7,2515.75,6263867,15758339977,279432,2590698,41.36
RELIANCE,EQ,29-Jun-22,2527.7,2507.2,2597,2501,2576,2580.15,2559.16,8863172,22682290935,383990,3617967,40.82
RELIANCE,EQ,30-Jun-22,2580.15,2580,2615.9,2566,2589,2595.65,2596.11,10666627,27691790170,321110,5419202,50.81
RELIANCE,EQ,01-Jul-22,2595.65,2574.9,2592,2365,2406,2408.7,2434.35,37841671,92119994932,1165095,16124097,42.61
RELIANCE,EQ,04-Jul-22,2408.7,2378.95,2442,2366.1,2413,2413.7,2412.08,19317335,46594929826,525122,8925205,46.2
RELIANCE,EQ,05-Jul-22,2413.7,2423,2464.9,2417.1,2431.55,2433.25,2440.39,8144239,19875158180,351338,3241427,39.8
RELIANCE,EQ,06-Jul-22,2433.25,2420.1,2441.95,2388,2415,2411.85,2410.61,11050026,26637248724,392094,5356881,48.48
RELIANCE,EQ,07-Jul-22,2411.85,2425.9,2433.25,2375,2391,2388.1,2392.12,10753423,25723462115,388023,6400200,59.52
RELIANCE,EQ,08-Jul-22,2388.1,2418,2418,2382.55,2391,2391.4,2393.99,8773162,21002872434,310810,5266144,60.03
RELIANCE,EQ,11-Jul-22,2391.4,2376.5,2428.8,2370,2421.5,2423.9,2400.92,6390604,15343320840,224208,2790542,43.67
RELIANCE,EQ,12-Jul-22,2423.9,2404,2439.7,2404,2418.8,2420.45,2424.68,4974502,12061561234,203393,2091493,42.04
RELIANCE,EQ,13-Jul-22,2420.45,2427.3,2434,2373,2379,2377.55,2398.49,6564435,15744718033,263635,3820557,58.2
RELIANCE,EQ,14-Jul-22,2377.55,2388,2433.95,2376.95,2399,2397.15,2398.08,7831798,18781243734,257217,3162562,40.38
RELIANCE,EQ,15-Jul-22,2397.15,2415,2415,2383.1,2401.15,2401.8,2397.18,4431880,10623995556,137878,2013822,45.44
RELIANCE,EQ,18-Jul-22,2401.8,2421,2425,2392.3,2423,2422.25,2408.23,6996757,16849806028,212210,3641338,52.04
RELIANCE,EQ,19-Jul-22,2422.25,2400.3,2447,2400.3,2433,2437.1,2429.46,7587006,18432314366,213280,3280412,43.24
RELIANCE,EQ,20-Jul-22,2437.1,2540,2542.5,2486.25,2499,2503,2506.66,11041036,27676129583,325796,5571093,50.46
RELIANCE,EQ,21-Jul-22,2503,2494,2500,2467.3,2486,2486.3,2482.92,7625468,18933428050,197537,4032523,52.88
RELIANCE,EQ,22-Jul-22,2486.3,2500,2516.3,2495,2502.95,2503.1,2504.62,5062651,12679994866,172852,2374481,46.9
RELIANCE,BL,25-Jul-22,2523.7,2503.1,2503.1,2503.1,2503.1,2503.1,2503.1,4131767,10342225978,1,-,-
RELIANCE,EQ,25-Jul-22,2503.1,2467.45,2467.45,2403,2417.4,2420.4,2422.67,10665470,25838870737,450900,5024203,47.11
RELIANCE,EQ,26-Jul-22,2420.4,2421.1,2443.9,2411.35,2419.4,2421.5,2430.94,5216466,12680927214,188181,2368186,45.4
RELIANCE,EQ,27-Jul-22,2421.5,2419.95,2427,2402,2422,2419.2,2416.05,3994321,9650459375,165700,2097378,52.51
RELIANCE,EQ,28-Jul-22,2419.2,2436,2467.95,2421,2453.6,2457.1,2446.73,5766936,14110146776,207490,2973888,51.57
RELIANCE,EQ,29-Jul-22,2457.1,2474.7,2517.1,2464,2507.2,2509.45,2494.3,6982808,17417222455,270354,3783646,54.19
RELIANCE,EQ,01-Aug-22,2509.45,2519.15,2587.75,2507.6,2569,2574.85,2560.47,7245568,18552037709,262991,3695549,51
RELIANCE,EQ,02-Aug-22,2574.85,2572.5,2607.8,2561.55,2575.5,2584.65,2583.64,6423115,16594994134,230608,3420282,53.25
RELIANCE,EQ,03-Aug-22,2584.65,2600,2610,2567.45,2606.2,2606.35,2591.04,6576824,17040829416,250247,3725408,56.64
RELIANCE,EQ,04-Aug-22,2606.35,2610,2617.75,2535,2570,2571.9,2569.27,6676577,17153907763,309213,3215051,48.15
RELIANCE,EQ,05-Aug-22,2571.9,2576,2578.8,2526.95,2532.9,2534,2543.41,6434433,16365407366,249464,4106312,63.82
RELIANCE,BL,08-Aug-22,2503.1,2534,2534,2534,2534,2534,2534,4131769,10469902646,1,-,-
RELIANCE,EQ,08-Aug-22,2534,2531,2583.55,2531,2568,2567.15,2567.43,4691228,12044417897,172002,2615697,55.76
RELIANCE,EQ,10-Aug-22,2567.15,2576.9,2589.9,2557.05,2578.95,2582.5,2574.23,4949442,12741005921,183157,2941793,59.44
RELIANCE,EQ,11-Aug-22,2582.5,2603.1,2609.9,2580.2,2586.7,2591.1,2593.04,3783480,9810722225,171131,2296573,60.7
RELIANCE,EQ,12-Aug-22,2591.1,2590.3,2641.35,2582.2,2632,2633,2626.23,5838244,15332563329,256139,2683554,45.97
RELIANCE,EQ,16-Aug-22,2633,2646.2,2657.3,2627.3,2656,2651.3,2643.49,3049304,8060790553,140058,1436439,47.11
RELIANCE,EQ,17-Aug-22,2651.3,2665,2676.9,2655.55,2661.7,2665.15,2666.17,3044037,8115922559,121433,1476684,48.51
RELIANCE,EQ,18-Aug-22,2665.15,2660,2669,2640.2,2662,2661.3,2654.44,3419730,9077457998,131393,1529502,44.73
RELIANCE,EQ,19-Aug-22,2661.3,2650,2661.7,2604.95,2609.8,2613.85,2631.57,4366123,11489747685,159356,2043043,46.79
RELIANCE,EQ,22-Aug-22,2613.85,2617,2631.3,2586,2602.5,2606.6,2606.47,4371179,11393340724,193858,2185175,49.99
RELIANCE,EQ,23-Aug-22,2606.6,2594,2653.2,2591.35,2649,2646.8,2630.64,4466619,11750046560,173321,2211602,49.51
RELIANCE,EQ,24-Aug-22,2646.8,2640.1,2670,2635.35,2645,2639.75,2648.95,4785579,12676750456,168584,2382456,49.78
RELIANCE,EQ,25-Aug-22,2639.75,2648.95,2662.9,2622.6,2628,2632.05,2648.65,3632902,9622300858,133033,1783626,49.1
RELIANCE,EQ,26-Aug-22,2632.05,2633,2650,2607,2623,2618,2622.3,4957449,12999929106,191312,2885652,58.21
RELIANCE,EQ,29-Aug-22,2618,2585,2655,2578.05,2600,2597.65,2614.34,9155684,23936068092,326003,3737011,40.82
RELIANCE,EQ,30-Aug-22,2597.65,2614,2645.25,2576.6,2642,2637.95,2614.74,10678670,27921981357,285656,5624355,52.67
